candidate,fold,train_n,train_wr,train_pf,train_sum_r,test_n,test_wr,test_pf,test_sum_r,params
baseline,0,20,0.7,1.9407715117637172,6.323010000000001,10,0.6,1.2167637584490967,0.92391,{}
baseline,1,21,0.6666666666666666,1.5901835264964768,4.57286,9,0.6666666666666666,1.3940953047149205,1.2845300000000002,{}
baseline,2,21,0.6666666666666666,1.466216455438923,3.5553899999999996,10,0.7,1.7235004916420846,2.06024,{}
baseline,3,21,0.7142857142857143,1.8801350913923887,5.5196,8,0.75,2.163330896450888,2.5301400000000003,{}
baseline,4,21,0.7619047619047619,2.109548257958688,6.14186,12,0.6666666666666666,1.4633353890244232,2.04355,{}
baseline,5,24,0.7083333333333334,1.670303740679651,5.2383500000000005,13,0.3076923076923077,0.3609309513467246,-5.9879299999999995,{}
baseline,6,28,0.5357142857142857,0.8867903326670312,-1.6220499999999995,6,0.8333333333333334,3.823057206934605,3.1720999999999995,{}
baseline,7,24,0.5,0.7478244173549472,-3.16526,10,0.7,1.92414055798311,2.98417,{}
baseline,8,20,0.7,1.817848227771739,5.409239999999999,10,0.5,0.7274442850204471,-1.47028,{}
grid_bb_std=1.4_stop_atr_mult=1.25_min_rr=0.4,0,33,0.6666666666666666,1.4357351816085129,5.46191,16,0.75,1.9601367707715458,4.1923699999999995,"{""bb_std"": 1.4, ""stop_atr_mult"": 1.25, ""min_rr"": 0.4}"
grid_bb_std=1.4_stop_atr_mult=1.25_min_rr=0.4,1,32,0.6875,1.5688595616951173,6.36394,12,0.4166666666666667,0.4683080153653262,-3.99046,"{""bb_std"": 1.4, ""stop_atr_mult"": 1.25, ""min_rr"": 0.4}"
grid_bb_std=1.4_stop_atr_mult=1.25_min_rr=0.4,2,32,0.59375,0.9576159887697727,-0.6044600000000001,13,0.5384615384615384,0.7858830857450496,-1.3681299999999996,"{""bb_std"": 1.4, ""stop_atr_mult"": 1.25, ""min_rr"": 0.4}"
grid_bb_std=1.4_stop_atr_mult=1.25_min_rr=0.4,3,27,0.5185185185185185,0.7896772033830413,-2.9403799999999998,13,0.7692307692307693,2.3180324190584773,4.34695,"{""bb_std"": 1.4, ""stop_atr_mult"": 1.25, ""min_rr"": 0.4}"
grid_bb_std=1.4_stop_atr_mult=1.25_min_rr=0.4,4,30,0.6333333333333333,1.1960938595335913,2.307759999999999,17,0.7058823529411765,1.6789245901639345,3.8825999999999996,"{""bb_std"": 1.4, ""stop_atr_mult"": 1.25, ""min_rr"": 0.4}"
grid_bb_std=1.4_stop_atr_mult=1.25_min_rr=0.4,5,32,0.71875,1.7747900868706235,8.00025,19,0.3157894736842105,0.3043607870172772,-9.40427,"{""bb_std"": 1.4, ""stop_atr_mult"": 1.25, ""min_rr"": 0.4}"
grid_bb_std=1.4_stop_atr_mult=1.25_min_rr=0.4,6,41,0.5609756097560976,0.8784591581982489,-2.4886799999999996,8,0.875,4.5329365911633115,4.04281,"{""bb_std"": 1.4, ""stop_atr_mult"": 1.25, ""min_rr"": 0.4}"
grid_bb_std=1.4_stop_atr_mult=1.25_min_rr=0.4,7,33,0.48484848484848486,0.6303938397188188,-6.556610000000001,13,0.6923076923076923,1.8240380001698895,3.58932,"{""bb_std"": 1.4, ""stop_atr_mult"": 1.25, ""min_rr"": 0.4}"
grid_bb_std=1.4_stop_atr_mult=1.25_min_rr=0.4,8,26,0.6923076923076923,1.6223588643581457,5.524300000000001,12,0.4166666666666667,0.4031728246280838,-4.442309999999999,"{""bb_std"": 1.4, ""stop_atr_mult"": 1.25, ""min_rr"": 0.4}"
grid_bb_std=1.4_stop_atr_mult=1.25_min_rr=0.6,0,26,0.6153846153846154,1.371396291549145,4.204440000000002,10,0.6,1.4436614672771269,1.91963,"{""bb_std"": 1.4, ""stop_atr_mult"": 1.25, ""min_rr"": 0.6}"
grid_bb_std=1.4_stop_atr_mult=1.25_min_rr=0.6,1,25,0.6,1.3319746678301234,3.6903300000000008,10,0.5,0.6557659240016827,-1.86579,"{""bb_std"": 1.4, ""stop_atr_mult"": 1.25, ""min_rr"": 0.6}"
grid_bb_std=1.4_stop_atr_mult=1.25_min_rr=0.6,2,24,0.5416666666666666,0.9479992228690869,-0.6209600000000008,9,0.5555555555555556,1.0047345900312248,0.020470000000000824,"{""bb_std"": 1.4, ""stop_atr_mult"": 1.25, ""min_rr"": 0.6}"
grid_bb_std=1.4_stop_atr_mult=1.25_min_rr=0.6,3,21,0.5714285714285714,1.061009901929801,0.6042500000000005,12,0.9166666666666666,7.572792635812411,7.468730000000002,"{""bb_std"": 1.4, ""stop_atr_mult"": 1.25, ""min_rr"": 0.6}"
grid_bb_std=1.4_stop_atr_mult=1.25_min_rr=0.6,4,24,0.75,2.2207781754896434,8.038689999999999,14,0.7142857142857143,1.9544587860559581,4.29998,"{""bb_std"": 1.4, ""stop_atr_mult"": 1.25, ""min_rr"": 0.6}"
grid_bb_std=1.4_stop_atr_mult=1.25_min_rr=0.6,5,28,0.7857142857142857,2.6564023862678967,11.678199999999999,17,0.35294117647058826,0.42843921857620537,-6.63909,"{""bb_std"": 1.4, ""stop_atr_mult"": 1.25, ""min_rr"": 0.6}"
grid_bb_std=1.4_stop_atr_mult=1.25_min_rr=0.6,6,36,0.5833333333333334,1.0517581391459472,0.8913000000000002,4,0.75,3.069776079804733,2.34042,"{""bb_std"": 1.4, ""stop_atr_mult"": 1.25, ""min_rr"": 0.6}"
grid_bb_std=1.4_stop_atr_mult=1.25_min_rr=0.6,7,26,0.46153846153846156,0.7135277515703711,-4.26004,11,0.7272727272727273,2.471483621761864,4.81518,"{""bb_std"": 1.4, ""stop_atr_mult"": 1.25, ""min_rr"": 0.6}"
grid_bb_std=1.4_stop_atr_mult=1.25_min_rr=0.6,8,20,0.65,1.6523164539876025,5.026020000000001,10,0.3,0.28752285056204957,-5.277190000000001,"{""bb_std"": 1.4, ""stop_atr_mult"": 1.25, ""min_rr"": 0.6}"
grid_bb_std=1.4_stop_atr_mult=1.5_min_rr=0.4,0,30,0.6333333333333333,1.1443912325451837,1.7469000000000001,12,0.6666666666666666,1.376928472887974,1.6120100000000002,"{""bb_std"": 1.4, ""stop_atr_mult"": 1.5, ""min_rr"": 0.4}"
grid_bb_std=1.4_stop_atr_mult=1.5_min_rr=0.4,1,27,0.6296296296296297,1.1893184664113143,2.0561500000000006,11,0.6363636363636364,0.9332854844124423,-0.2881500000000001,"{""bb_std"": 1.4, ""stop_atr_mult"": 1.5, ""min_rr"": 0.4}"
grid_bb_std=1.4_stop_atr_mult=1.5_min_rr=0.4,2,27,0.6296296296296297,1.041370249550242,0.4433599999999999,11,0.6363636363636364,1.0892449960512105,0.3808200000000008,"{""bb_std"": 1.4, ""stop_atr_mult"": 1.5, ""min_rr"": 0.4}"
grid_bb_std=1.4_stop_atr_mult=1.5_min_rr=0.4,3,24,0.6666666666666666,1.2481390372009749,2.1717600000000004,12,0.9166666666666666,6.40277266152146,6.01334,"{""bb_std"": 1.4, ""stop_atr_mult"": 1.5, ""min_rr"": 0.4}"
grid_bb_std=1.4_stop_atr_mult=1.5_min_rr=0.4,4,27,0.7407407407407407,1.7391138349977906,5.53665,14,0.6428571428571429,1.2104547790897178,1.16283,"{""bb_std"": 1.4, ""stop_atr_mult"": 1.5, ""min_rr"": 0.4}"
grid_bb_std=1.4_stop_atr_mult=1.5_min_rr=0.4,5,28,0.75,1.8406975322656698,6.739250000000002,17,0.35294117647058826,0.36213024279661354,-7.2848999999999995,"{""bb_std"": 1.4, ""stop_atr_mult"": 1.5, ""min_rr"": 0.4}"
grid_bb_std=1.4_stop_atr_mult=1.5_min_rr=0.4,6,36,0.5555555555555556,0.8072202038829045,-3.39128,6,0.8333333333333334,3.313798432894831,2.5749799999999996,"{""bb_std"": 1.4, ""stop_atr_mult"": 1.5, ""min_rr"": 0.4}"
grid_bb_std=1.4_stop_atr_mult=1.5_min_rr=0.4,7,28,0.4642857142857143,0.5700640797045123,-6.64297,11,0.7272727272727273,2.081225256555557,3.48214,"{""bb_std"": 1.4, ""stop_atr_mult"": 1.5, ""min_rr"": 0.4}"
grid_bb_std=1.4_stop_atr_mult=1.5_min_rr=0.4,8,22,0.6818181818181818,1.49780476893659,3.7722599999999997,11,0.36363636363636365,0.2985825418794445,-5.14388,"{""bb_std"": 1.4, ""stop_atr_mult"": 1.5, ""min_rr"": 0.4}"
grid_bb_std=1.4_stop_atr_mult=1.5_min_rr=0.6,0,20,0.6,1.2185143666559153,1.937580000000001,10,0.6,1.2167637584490967,0.92391,"{""bb_std"": 1.4, ""stop_atr_mult"": 1.5, ""min_rr"": 0.6}"
grid_bb_std=1.4_stop_atr_mult=1.5_min_rr=0.6,1,22,0.5909090909090909,1.147731335538426,1.44621,7,0.7142857142857143,1.4315352506555112,0.9397500000000001,"{""bb_std"": 1.4, ""stop_atr_mult"": 1.5, ""min_rr"": 0.6}"
grid_bb_std=1.4_stop_atr_mult=1.5_min_rr=0.6,2,21,0.6190476190476191,1.116249191150957,0.9916799999999998,8,0.75,1.9875359496159306,2.1701299999999994,"{""bb_std"": 1.4, ""stop_atr_mult"": 1.5, ""min_rr"": 0.6}"
grid_bb_std=1.4_stop_atr_mult=1.5_min_rr=0.6,3,17,0.7647058823529411,2.1752603510867554,5.273639999999999,10,0.9,5.484179530489293,4.964480000000001,"{""bb_std"": 1.4, ""stop_atr_mult"": 1.5, ""min_rr"": 0.6}"
grid_bb_std=1.4_stop_atr_mult=1.5_min_rr=0.6,4,21,0.8095238095238095,2.7017852009624286,7.5184700000000015,12,0.6666666666666666,1.4385867901161224,1.91944,"{""bb_std"": 1.4, ""stop_atr_mult"": 1.5, ""min_rr"": 0.6}"
grid_bb_std=1.4_stop_atr_mult=1.5_min_rr=0.6,5,24,0.75,1.9587010382867305,6.4736,14,0.2857142857142857,0.30775004871437256,-7.2117700000000005,"{""bb_std"": 1.4, ""stop_atr_mult"": 1.5, ""min_rr"": 0.6}"
grid_bb_std=1.4_stop_atr_mult=1.5_min_rr=0.6,6,30,0.5333333333333333,0.8021234604521429,-3.0419600000000004,4,0.75,2.604685780271728,1.7787299999999995,"{""bb_std"": 1.4, ""stop_atr_mult"": 1.5, ""min_rr"": 0.6}"
grid_bb_std=1.4_stop_atr_mult=1.5_min_rr=0.6,7,23,0.43478260869565216,0.5787453418803733,-5.716590000000001,10,0.7,1.9326756507108132,2.9988599999999996,"{""bb_std"": 1.4, ""stop_atr_mult"": 1.5, ""min_rr"": 0.6}"
grid_bb_std=1.4_stop_atr_mult=1.5_min_rr=0.6,8,18,0.6111111111111112,1.2667652327958814,2.0027799999999987,9,0.4444444444444444,0.5214782686929726,-2.55299,"{""bb_std"": 1.4, ""stop_atr_mult"": 1.5, ""min_rr"": 0.6}"
grid_bb_std=1.4_stop_atr_mult=1.75_min_rr=0.4,0,26,0.6923076923076923,1.4605128997022885,4.05582,10,0.6,1.0515651460312792,0.21741000000000008,"{""bb_std"": 1.4, ""stop_atr_mult"": 1.75, ""min_rr"": 0.4}"
grid_bb_std=1.4_stop_atr_mult=1.75_min_rr=0.4,1,25,0.64,1.2210116132212054,2.15241,9,0.6666666666666666,0.8713934766526095,-0.412,"{""bb_std"": 1.4, ""stop_atr_mult"": 1.75, ""min_rr"": 0.4}"
grid_bb_std=1.4_stop_atr_mult=1.75_min_rr=0.4,2,23,0.6086956521739131,0.8711083338355691,-1.2190200000000007,10,0.6,0.8686149562808745,-0.5540099999999998,"{""bb_std"": 1.4, ""stop_atr_mult"": 1.75, ""min_rr"": 0.4}"
grid_bb_std=1.4_stop_atr_mult=1.75_min_rr=0.4,3,21,0.6666666666666666,1.106102714382031,0.7994499999999995,12,0.9166666666666666,5.545977692861897,4.984709999999999,"{""bb_std"": 1.4, ""stop_atr_mult"": 1.75, ""min_rr"": 0.4}"
grid_bb_std=1.4_stop_atr_mult=1.75_min_rr=0.4,4,24,0.75,1.5969273492082752,3.78751,14,0.6428571428571429,1.0509175840052714,0.27665000000000034,"{""bb_std"": 1.4, ""stop_atr_mult"": 1.75, ""min_rr"": 0.4}"
grid_bb_std=1.4_stop_atr_mult=1.75_min_rr=0.4,5,28,0.75,1.5999877406535257,4.698360000000001,16,0.4375,0.4373498320679751,-5.273630000000001,"{""bb_std"": 1.4, ""stop_atr_mult"": 1.75, ""min_rr"": 0.4}"
grid_bb_std=1.4_stop_atr_mult=1.75_min_rr=0.4,6,35,0.6,0.830957631770092,-2.5716500000000004,5,0.8,2.5731537135508344,1.7247899999999998,"{""bb_std"": 1.4, ""stop_atr_mult"": 1.75, ""min_rr"": 0.4}"
grid_bb_std=1.4_stop_atr_mult=1.75_min_rr=0.4,7,26,0.5,0.5845271222215335,-5.56469,11,0.7272727272727273,1.7973749257987819,2.53877,"{""bb_std"": 1.4, ""stop_atr_mult"": 1.75, ""min_rr"": 0.4}"
grid_bb_std=1.4_stop_atr_mult=1.75_min_rr=0.4,8,21,0.6666666666666666,1.2502247664441812,1.86472,11,0.36363636363636365,0.25842010598783005,-5.38057,"{""bb_std"": 1.4, ""stop_atr_mult"": 1.75, ""min_rr"": 0.4}"
grid_bb_std=1.4_stop_atr_mult=1.75_min_rr=0.6,0,17,0.7058823529411765,1.8532431599342414,4.650379999999999,9,0.5555555555555556,0.9265656025206586,-0.3088100000000002,"{""bb_std"": 1.4, ""stop_atr_mult"": 1.75, ""min_rr"": 0.6}"
grid_bb_std=1.4_stop_atr_mult=1.75_min_rr=0.6,1,18,0.6666666666666666,1.5368142712357786,3.52228,3,0.3333333333333333,0.2890008774522914,-1.5152600000000003,"{""bb_std"": 1.4, ""stop_atr_mult"": 1.75, ""min_rr"": 0.6}"
grid_bb_std=1.4_stop_atr_mult=1.75_min_rr=0.6,2,14,0.5,0.693036794802441,-2.26409,6,0.6666666666666666,1.262260739274599,0.5671100000000001,"{""bb_std"": 1.4, ""stop_atr_mult"": 1.75, ""min_rr"": 0.6}"
grid_bb_std=1.4_stop_atr_mult=1.75_min_rr=0.6,3,10,0.6,1.0735818889609785,0.3175499999999997,7,0.8571428571428571,3.455846091564846,2.66921,"{""bb_std"": 1.4, ""stop_atr_mult"": 1.75, ""min_rr"": 0.6}"
grid_bb_std=1.4_stop_atr_mult=1.75_min_rr=0.6,4,14,0.7142857142857143,1.5024178152845131,2.15279,8,0.75,2.061912564784726,2.30709,"{""bb_std"": 1.4, ""stop_atr_mult"": 1.75, ""min_rr"": 0.6}"
grid_bb_std=1.4_stop_atr_mult=1.75_min_rr=0.6,5,16,0.75,1.9005111014546732,3.9167099999999997,12,0.25,0.24707803165635886,-7.00493,"{""bb_std"": 1.4, ""stop_atr_mult"": 1.75, ""min_rr"": 0.6}"
grid_bb_std=1.4_stop_atr_mult=1.75_min_rr=0.6,6,22,0.5,0.6854103060855335,-3.7218099999999996,3,1.0,inf,2.4714,"{""bb_std"": 1.4, ""stop_atr_mult"": 1.75, ""min_rr"": 0.6}"
grid_bb_std=1.4_stop_atr_mult=1.75_min_rr=0.6,7,18,0.4444444444444444,0.5681254716482335,-4.4925099999999984,9,0.6666666666666666,1.5219800470629743,1.6570100000000003,"{""bb_std"": 1.4, ""stop_atr_mult"": 1.75, ""min_rr"": 0.6}"
grid_bb_std=1.4_stop_atr_mult=1.75_min_rr=0.6,8,15,0.6,1.1334192477806309,0.84583,6,0.5,0.5952849780299098,-1.2784299999999997,"{""bb_std"": 1.4, ""stop_atr_mult"": 1.75, ""min_rr"": 0.6}"
grid_bb_std=1.5_stop_atr_mult=1.25_min_rr=0.4,0,36,0.7222222222222222,1.9023319956613225,10.390380000000002,16,0.75,1.9601367707715458,4.1923699999999995,"{""bb_std"": 1.5, ""stop_atr_mult"": 1.25, ""min_rr"": 0.4}"
grid_bb_std=1.5_stop_atr_mult=1.25_min_rr=0.4,1,34,0.7352941176470589,1.955090890971868,9.775679999999998,12,0.5,0.8064138459172783,-1.2715299999999998,"{""bb_std"": 1.5, ""stop_atr_mult"": 1.25, ""min_rr"": 0.4}"
grid_bb_std=1.5_stop_atr_mult=1.25_min_rr=0.4,2,30,0.6666666666666666,1.3945830372294004,4.480809999999999,14,0.5714285714285714,0.8816818098853199,-0.7649199999999999,"{""bb_std"": 1.5, ""stop_atr_mult"": 1.25, ""min_rr"": 0.4}"
grid_bb_std=1.5_stop_atr_mult=1.25_min_rr=0.4,3,28,0.5714285714285714,1.031542953742124,0.4187099999999996,12,0.6666666666666666,1.5608388276206488,2.4481399999999995,"{""bb_std"": 1.5, ""stop_atr_mult"": 1.25, ""min_rr"": 0.4}"
grid_bb_std=1.5_stop_atr_mult=1.25_min_rr=0.4,4,30,0.6,1.0820979070790158,1.0603699999999994,16,0.6875,1.6126485158379351,3.53576,"{""bb_std"": 1.5, ""stop_atr_mult"": 1.25, ""min_rr"": 0.4}"
grid_bb_std=1.5_stop_atr_mult=1.25_min_rr=0.4,5,32,0.65625,1.4187038312446965,5.185760000000001,18,0.3333333333333333,0.34548947111127887,-8.153649999999999,"{""bb_std"": 1.5, ""stop_atr_mult"": 1.25, ""min_rr"": 0.4}"
grid_bb_std=1.5_stop_atr_mult=1.25_min_rr=0.4,6,38,0.5526315789473685,0.9251686581412017,-1.447860000000001,11,0.9090909090909091,6.481963739512311,6.4162,"{""bb_std"": 1.5, ""stop_atr_mult"": 1.25, ""min_rr"": 0.4}"
grid_bb_std=1.5_stop_atr_mult=1.25_min_rr=0.4,7,34,0.5294117647058824,0.7683939031344866,-3.8460300000000007,12,0.6666666666666666,1.7341512215669754,3.2068900000000005,"{""bb_std"": 1.5, ""stop_atr_mult"": 1.25, ""min_rr"": 0.4}"
grid_bb_std=1.5_stop_atr_mult=1.25_min_rr=0.4,8,28,0.75,2.2200701803096012,9.84327,13,0.5384615384615384,0.8192404608726879,-1.1879299999999997,"{""bb_std"": 1.5, ""stop_atr_mult"": 1.25, ""min_rr"": 0.4}"
grid_bb_std=1.5_stop_atr_mult=1.25_min_rr=0.6,0,28,0.6785714285714286,1.8290556430140128,8.53148,10,0.6,1.4436614672771269,1.91963,"{""bb_std"": 1.5, ""stop_atr_mult"": 1.25, ""min_rr"": 0.6}"
grid_bb_std=1.5_stop_atr_mult=1.25_min_rr=0.6,1,26,0.6538461538461539,1.6403761748055323,6.48386,11,0.5454545454545454,0.9681126259718872,-0.17503999999999997,"{""bb_std"": 1.5, ""stop_atr_mult"": 1.25, ""min_rr"": 0.6}"
grid_bb_std=1.5_stop_atr_mult=1.25_min_rr=0.6,2,23,0.6086956521739131,1.3321147614080628,3.336850000000001,11,0.5454545454545454,0.9174125117704401,-0.44817999999999913,"{""bb_std"": 1.5, ""stop_atr_mult"": 1.25, ""min_rr"": 0.6}"
grid_bb_std=1.5_stop_atr_mult=1.25_min_rr=0.6,3,24,0.5833333333333334,1.1662134261760695,1.8580599999999998,10,0.8,3.108753065459347,4.6949700000000005,"{""bb_std"": 1.5, ""stop_atr_mult"": 1.25, ""min_rr"": 0.6}"
grid_bb_std=1.5_stop_atr_mult=1.25_min_rr=0.6,4,24,0.6666666666666666,1.5418633922418459,4.7571,15,0.7333333333333333,2.116400927069648,5.115550000000002,"{""bb_std"": 1.5, ""stop_atr_mult"": 1.25, ""min_rr"": 0.6}"
grid_bb_std=1.5_stop_atr_mult=1.25_min_rr=0.6,5,29,0.7241379310344828,1.9972003965740888,9.132800000000001,16,0.375,0.49232363334105067,-5.35032,"{""bb_std"": 1.5, ""stop_atr_mult"": 1.25, ""min_rr"": 0.6}"
grid_bb_std=1.5_stop_atr_mult=1.25_min_rr=0.6,6,35,0.6,1.191612881362198,3.10981,7,0.8571428571428571,5.0421162758525275,4.674949999999999,"{""bb_std"": 1.5, ""stop_atr_mult"": 1.25, ""min_rr"": 0.6}"
grid_bb_std=1.5_stop_atr_mult=1.25_min_rr=0.6,7,28,0.5357142857142857,0.9476330503149883,-0.7242699999999993,11,0.7272727272727273,2.458615342515735,4.7972399999999995,"{""bb_std"": 1.5, ""stop_atr_mult"": 1.25, ""min_rr"": 0.6}"
grid_bb_std=1.5_stop_atr_mult=1.25_min_rr=0.6,8,23,0.7391304347826086,2.418064889208204,9.710880000000001,11,0.45454545454545453,0.6863396918842463,-2.0512599999999996,"{""bb_std"": 1.5, ""stop_atr_mult"": 1.25, ""min_rr"": 0.6}"
grid_bb_std=1.5_stop_atr_mult=1.5_min_rr=0.4,0,33,0.696969696969697,1.5287298074058338,5.874130000000001,12,0.6666666666666666,1.376928472887974,1.6120100000000002,"{""bb_std"": 1.5, ""stop_atr_mult"": 1.5, ""min_rr"": 0.4}"
grid_bb_std=1.5_stop_atr_mult=1.5_min_rr=0.4,1,29,0.6896551724137931,1.4994198021379104,4.95376,12,0.6666666666666666,1.2621404857111411,1.14331,"{""bb_std"": 1.5, ""stop_atr_mult"": 1.5, ""min_rr"": 0.4}"
grid_bb_std=1.5_stop_atr_mult=1.5_min_rr=0.4,2,26,0.6923076923076923,1.4678557666842094,4.11605,12,0.6666666666666666,1.3476622020548388,1.3484600000000004,"{""bb_std"": 1.5, ""stop_atr_mult"": 1.5, ""min_rr"": 0.4}"
grid_bb_std=1.5_stop_atr_mult=1.5_min_rr=0.4,3,26,0.6923076923076923,1.548396938260276,4.63759,10,0.8,2.6257426285965177,3.55467,"{""bb_std"": 1.5, ""stop_atr_mult"": 1.5, ""min_rr"": 0.4}"
grid_bb_std=1.5_stop_atr_mult=1.5_min_rr=0.4,4,26,0.7307692307692307,1.6995199759394368,5.30297,15,0.6666666666666666,1.3256395821605056,1.8221000000000003,"{""bb_std"": 1.5, ""stop_atr_mult"": 1.5, ""min_rr"": 0.4}"
grid_bb_std=1.5_stop_atr_mult=1.5_min_rr=0.4,5,29,0.7241379310344828,1.6654023293968299,6.0592999999999995,16,0.375,0.41563062424748953,-6.0620199999999995,"{""bb_std"": 1.5, ""stop_atr_mult"": 1.5, ""min_rr"": 0.4}"
grid_bb_std=1.5_stop_atr_mult=1.5_min_rr=0.4,6,35,0.5714285714285714,0.912435708132643,-1.45766,9,0.8888888888888888,4.988209980511636,4.522669999999999,"{""bb_std"": 1.5, ""stop_atr_mult"": 1.5, ""min_rr"": 0.4}"
grid_bb_std=1.5_stop_atr_mult=1.5_min_rr=0.4,7,30,0.5333333333333333,0.7498907034272085,-3.615599999999999,11,0.7272727272727273,2.0720484796017744,3.46738,"{""bb_std"": 1.5, ""stop_atr_mult"": 1.5, ""min_rr"": 0.4}"
grid_bb_std=1.5_stop_atr_mult=1.5_min_rr=0.4,8,25,0.76,2.1631324995711867,7.79828,12,0.5,0.6442574598281161,-2.2940200000000006,"{""bb_std"": 1.5, ""stop_atr_mult"": 1.5, ""min_rr"": 0.4}"
grid_bb_std=1.5_stop_atr_mult=1.75_min_rr=0.4,0,29,0.7586206896551724,2.0101938524261915,7.8198500000000015,10,0.6,1.0515651460312792,0.21741000000000008,"{""bb_std"": 1.5, ""stop_atr_mult"": 1.75, ""min_rr"": 0.4}"
grid_bb_std=1.5_stop_atr_mult=1.75_min_rr=0.4,1,27,0.7037037037037037,1.5470426818810672,4.784490000000001,10,0.7,1.2520944590979957,0.8133499999999997,"{""bb_std"": 1.5, ""stop_atr_mult"": 1.75, ""min_rr"": 0.4}"
grid_bb_std=1.5_stop_atr_mult=1.75_min_rr=0.4,2,22,0.6818181818181818,1.2879331230115942,2.16304,11,0.6363636363636364,1.110066694121611,0.4115900000000004,"{""bb_std"": 1.5, ""stop_atr_mult"": 1.75, ""min_rr"": 0.4}"
grid_bb_std=1.5_stop_atr_mult=1.75_min_rr=0.4,3,23,0.6956521739130435,1.4255876103634573,3.0305199999999997,10,0.8,2.2727167415782397,2.7466500000000003,"{""bb_std"": 1.5, ""stop_atr_mult"": 1.75, ""min_rr"": 0.4}"
grid_bb_std=1.5_stop_atr_mult=1.75_min_rr=0.4,4,23,0.7391304347826086,1.559505761185425,3.5908800000000007,15,0.6666666666666666,1.1523636992598931,0.8368499999999994,"{""bb_std"": 1.5, ""stop_atr_mult"": 1.75, ""min_rr"": 0.4}"
grid_bb_std=1.5_stop_atr_mult=1.75_min_rr=0.4,5,29,0.7241379310344828,1.4471020910983328,3.9777600000000004,15,0.5333333333333333,0.7357142760102002,-1.9453200000000002,"{""bb_std"": 1.5, ""stop_atr_mult"": 1.75, ""min_rr"": 0.4}"
grid_bb_std=1.5_stop_atr_mult=1.75_min_rr=0.4,6,34,0.6470588235294118,1.108271649386104,1.4344900000000007,8,0.875,4.032650643499488,3.37904,"{""bb_std"": 1.5, ""stop_atr_mult"": 1.75, ""min_rr"": 0.4}"
grid_bb_std=1.5_stop_atr_mult=1.75_min_rr=0.4,7,28,0.6071428571428571,0.9427463386363736,-0.6569600000000002,11,0.7272727272727273,1.7905023562617735,2.52624,"{""bb_std"": 1.5, ""stop_atr_mult"": 1.75, ""min_rr"": 0.4}"
grid_bb_std=1.5_stop_atr_mult=1.75_min_rr=0.4,8,24,0.75,1.8216570015350502,5.395459999999999,12,0.5,0.5584922507612473,-2.80855,"{""bb_std"": 1.5, ""stop_atr_mult"": 1.75, ""min_rr"": 0.4}"
grid_bb_std=1.5_stop_atr_mult=1.75_min_rr=0.6,0,17,0.7647058823529411,2.6326220739633057,7.096599999999999,9,0.5555555555555556,0.9265656025206586,-0.3088100000000002,"{""bb_std"": 1.5, ""stop_atr_mult"": 1.75, ""min_rr"": 0.6}"
grid_bb_std=1.5_stop_atr_mult=1.75_min_rr=0.6,1,17,0.7058823529411765,1.887306599535075,4.87811,6,0.5,0.7086766617719956,-0.9344400000000003,"{""bb_std"": 1.5, ""stop_atr_mult"": 1.75, ""min_rr"": 0.6}"
grid_bb_std=1.5_stop_atr_mult=1.75_min_rr=0.6,2,16,0.5625,0.9168005691695359,-0.6197900000000002,6,0.6666666666666666,1.262260739274599,0.5671100000000001,"{""bb_std"": 1.5, ""stop_atr_mult"": 1.75, ""min_rr"": 0.6}"
grid_bb_std=1.5_stop_atr_mult=1.75_min_rr=0.6,3,13,0.6153846153846154,1.1677816553752913,0.9091400000000001,7,0.8571428571428571,4.12547648125532,3.37814,"{""bb_std"": 1.5, ""stop_atr_mult"": 1.75, ""min_rr"": 0.6}"
grid_bb_std=1.5_stop_atr_mult=1.75_min_rr=0.6,4,14,0.7142857142857143,1.667969973310648,2.8581499999999997,7,0.7142857142857143,1.8482897476376783,1.85381,"{""bb_std"": 1.5, ""stop_atr_mult"": 1.75, ""min_rr"": 0.6}"
grid_bb_std=1.5_stop_atr_mult=1.75_min_rr=0.6,5,15,0.7333333333333333,1.954009369224294,4.170699999999999,11,0.36363636363636365,0.4894697586577347,-3.73047,"{""bb_std"": 1.5, ""stop_atr_mult"": 1.75, ""min_rr"": 0.6}"
grid_bb_std=1.5_stop_atr_mult=1.75_min_rr=0.6,6,21,0.5714285714285714,1.0475944296108877,0.46951999999999955,4,1.0,inf,3.1378000000000004,"{""bb_std"": 1.5, ""stop_atr_mult"": 1.75, ""min_rr"": 0.6}"
grid_bb_std=1.5_stop_atr_mult=1.75_min_rr=0.6,7,17,0.5294117647058824,0.8766136464280159,-1.0309300000000006,9,0.6666666666666666,1.5161330818407504,1.64456,"{""bb_std"": 1.5, ""stop_atr_mult"": 1.75, ""min_rr"": 0.6}"
grid_bb_std=1.5_stop_atr_mult=1.75_min_rr=0.6,8,16,0.6875,1.6190843444970748,3.3393099999999993,8,0.625,1.0620752251170422,0.19902000000000045,"{""bb_std"": 1.5, ""stop_atr_mult"": 1.75, ""min_rr"": 0.6}"
grid_bb_std=1.6_stop_atr_mult=1.25_min_rr=0.4,0,40,0.725,2.410867148123863,18.805419999999998,14,0.7142857142857143,1.8974373602300216,3.93275,"{""bb_std"": 1.6, ""stop_atr_mult"": 1.25, ""min_rr"": 0.4}"
grid_bb_std=1.6_stop_atr_mult=1.25_min_rr=0.4,1,35,0.7142857142857143,2.049009404426308,12.246440000000002,12,0.4166666666666667,0.44825292904191855,-4.15641,"{""bb_std"": 1.6, ""stop_atr_mult"": 1.25, ""min_rr"": 0.4}"
grid_bb_std=1.6_stop_atr_mult=1.25_min_rr=0.4,2,29,0.5862068965517241,1.0056829345480123,0.0757800000000002,14,0.5714285714285714,1.03606453653907,0.23598000000000025,"{""bb_std"": 1.6, ""stop_atr_mult"": 1.25, ""min_rr"": 0.4}"
grid_bb_std=1.6_stop_atr_mult=1.25_min_rr=0.4,3,28,0.5357142857142857,0.8917021166822039,-1.5323099999999985,10,0.6,1.0117197760657095,0.051309999999999835,"{""bb_std"": 1.6, ""stop_atr_mult"": 1.25, ""min_rr"": 0.4}"
grid_bb_std=1.6_stop_atr_mult=1.25_min_rr=0.4,4,27,0.5555555555555556,0.904522686799074,-1.2363300000000002,16,0.6875,1.5248714346659624,2.94044,"{""bb_std"": 1.6, ""stop_atr_mult"": 1.25, ""min_rr"": 0.4}"
grid_bb_std=1.6_stop_atr_mult=1.25_min_rr=0.4,5,30,0.6333333333333333,1.215739097858887,2.6202700000000005,16,0.3125,0.32309485861925,-7.734,"{""bb_std"": 1.6, ""stop_atr_mult"": 1.25, ""min_rr"": 0.4}"
grid_bb_std=1.6_stop_atr_mult=1.25_min_rr=0.4,6,35,0.5142857142857142,0.7342054501797339,-4.908210000000001,10,0.9,5.606202838875405,4.87737,"{""bb_std"": 1.6, ""stop_atr_mult"": 1.25, ""min_rr"": 0.4}"
grid_bb_std=1.6_stop_atr_mult=1.25_min_rr=0.4,7,31,0.5483870967741935,0.8172511588441843,-2.6793099999999996,12,0.5833333333333334,1.2905082841898343,1.55175,"{""bb_std"": 1.6, ""stop_atr_mult"": 1.25, ""min_rr"": 0.4}"
grid_bb_std=1.6_stop_atr_mult=1.25_min_rr=0.4,8,25,0.72,1.8962365653301403,7.005459999999999,12,0.4166666666666667,0.5729419542579102,-3.2491899999999996,"{""bb_std"": 1.6, ""stop_atr_mult"": 1.25, ""min_rr"": 0.4}"
grid_bb_std=1.6_stop_atr_mult=1.25_min_rr=0.6,0,32,0.6875,2.393342039259582,16.80475,9,0.5555555555555556,1.4523625559940028,1.9671800000000006,"{""bb_std"": 1.6, ""stop_atr_mult"": 1.25, ""min_rr"": 0.6}"
grid_bb_std=1.6_stop_atr_mult=1.25_min_rr=0.6,1,28,0.6428571428571429,1.796302897635343,9.203429999999999,10,0.4,0.45291579611062344,-3.5401599999999998,"{""bb_std"": 1.6, ""stop_atr_mult"": 1.25, ""min_rr"": 0.6}"
grid_bb_std=1.6_stop_atr_mult=1.25_min_rr=0.6,2,22,0.5,0.9017298973002993,-1.18556,12,0.5,0.9198457804675741,-0.5218199999999998,"{""bb_std"": 1.6, ""stop_atr_mult"": 1.25, ""min_rr"": 0.6}"
grid_bb_std=1.6_stop_atr_mult=1.25_min_rr=0.6,3,24,0.5,0.8738680213299789,-1.6484100000000008,9,0.6666666666666666,1.347396497248183,1.1500700000000001,"{""bb_std"": 1.6, ""stop_atr_mult"": 1.25, ""min_rr"": 0.6}"
grid_bb_std=1.6_stop_atr_mult=1.25_min_rr=0.6,4,23,0.5652173913043478,1.0178630301489857,0.19397000000000036,15,0.6666666666666666,1.4682305750049243,2.6147400000000003,"{""bb_std"": 1.6, ""stop_atr_mult"": 1.25, ""min_rr"": 0.6}"
grid_bb_std=1.6_stop_atr_mult=1.25_min_rr=0.6,5,28,0.6428571428571429,1.307322045415935,3.4190099999999997,14,0.35714285714285715,0.4809782981521292,-4.917850000000001,"{""bb_std"": 1.6, ""stop_atr_mult"": 1.25, ""min_rr"": 0.6}"
grid_bb_std=1.6_stop_atr_mult=1.25_min_rr=0.6,6,32,0.53125,0.8588542904682672,-2.3158200000000004,5,0.8,3.5179886108452796,2.6574599999999995,"{""bb_std"": 1.6, ""stop_atr_mult"": 1.25, ""min_rr"": 0.6}"
grid_bb_std=1.6_stop_atr_mult=1.25_min_rr=0.6,7,24,0.5,0.8565469508149295,-1.8247399999999998,11,0.6363636363636364,1.7274936333015094,3.116589999999999,"{""bb_std"": 1.6, ""stop_atr_mult"": 1.25, ""min_rr"": 0.6}"
grid_bb_std=1.6_stop_atr_mult=1.25_min_rr=0.6,8,19,0.6842105263157895,1.9623333570592394,6.35447,11,0.36363636363636365,0.5083785379461191,-3.72213,"{""bb_std"": 1.6, ""stop_atr_mult"": 1.25, ""min_rr"": 0.6}"
grid_bb_std=1.6_stop_atr_mult=1.5_min_rr=0.4,0,37,0.7297297297297297,2.3559137796656744,15.692180000000002,11,0.6363636363636364,1.3847946707770544,1.65262,"{""bb_std"": 1.6, ""stop_atr_mult"": 1.5, ""min_rr"": 0.4}"
grid_bb_std=1.6_stop_atr_mult=1.5_min_rr=0.4,1,31,0.7096774193548387,1.9855611777670856,10.159480000000002,12,0.5833333333333334,0.7220785555636231,-1.49278,"{""bb_std"": 1.6, ""stop_atr_mult"": 1.5, ""min_rr"": 0.4}"
grid_bb_std=1.6_stop_atr_mult=1.5_min_rr=0.4,2,26,0.6153846153846154,1.032814187723299,0.35544000000000053,13,0.6153846153846154,1.225818701106683,1.1179899999999998,"{""bb_std"": 1.6, ""stop_atr_mult"": 1.5, ""min_rr"": 0.4}"
grid_bb_std=1.6_stop_atr_mult=1.5_min_rr=0.4,3,27,0.6296296296296297,1.160468819901426,1.6786899999999996,9,0.6666666666666666,1.1395308085574716,0.45387000000000016,"{""bb_std"": 1.6, ""stop_atr_mult"": 1.5, ""min_rr"": 0.4}"
grid_bb_std=1.6_stop_atr_mult=1.5_min_rr=0.4,4,25,0.64,1.1165003735644672,1.1258200000000007,15,0.6666666666666666,1.2427274323592679,1.32702,"{""bb_std"": 1.6, ""stop_atr_mult"": 1.5, ""min_rr"": 0.4}"
grid_bb_std=1.6_stop_atr_mult=1.5_min_rr=0.4,5,28,0.6785714285714286,1.2815271313761663,2.7898099999999997,14,0.35714285714285715,0.40587560478968787,-5.54668,"{""bb_std"": 1.6, ""stop_atr_mult"": 1.5, ""min_rr"": 0.4}"
grid_bb_std=1.6_stop_atr_mult=1.5_min_rr=0.4,6,32,0.53125,0.7273426796539236,-4.3584,8,0.875,4.116444903265275,3.2603,"{""bb_std"": 1.6, ""stop_atr_mult"": 1.5, ""min_rr"": 0.4}"
grid_bb_std=1.6_stop_atr_mult=1.5_min_rr=0.4,7,27,0.5555555555555556,0.8140765445642469,-2.321840000000001,11,0.6363636363636364,1.4525879103845363,1.91246,"{""bb_std"": 1.6, ""stop_atr_mult"": 1.5, ""min_rr"": 0.4}"
grid_bb_std=1.6_stop_atr_mult=1.5_min_rr=0.4,8,22,0.7272727272727273,1.8385231003123363,5.471380000000001,12,0.5,0.6727546166868272,-2.112850000000001,"{""bb_std"": 1.6, ""stop_atr_mult"": 1.5, ""min_rr"": 0.4}"
grid_bb_std=1.6_stop_atr_mult=1.5_min_rr=0.6,0,27,0.7407407407407407,2.9590093177797563,16.089989999999997,9,0.5555555555555556,1.2252749820105224,0.9642399999999995,"{""bb_std"": 1.6, ""stop_atr_mult"": 1.5, ""min_rr"": 0.6}"
grid_bb_std=1.6_stop_atr_mult=1.5_min_rr=0.6,1,24,0.6666666666666666,1.9423875635875514,8.57911,9,0.5555555555555556,0.6963628057024045,-1.3026399999999998,"{""bb_std"": 1.6, ""stop_atr_mult"": 1.5, ""min_rr"": 0.6}"
grid_bb_std=1.6_stop_atr_mult=1.5_min_rr=0.6,2,21,0.5714285714285714,0.986397451277149,-0.13175999999999943,12,0.5833333333333334,1.1526130753957413,0.7540199999999998,"{""bb_std"": 1.6, ""stop_atr_mult"": 1.5, ""min_rr"": 0.6}"
grid_bb_std=1.6_stop_atr_mult=1.5_min_rr=0.6,3,23,0.6086956521739131,1.1611916212461262,1.50827,6,0.6666666666666666,1.2473646189452954,0.5376000000000002,"{""bb_std"": 1.6, ""stop_atr_mult"": 1.5, ""min_rr"": 0.6}"
grid_bb_std=1.6_stop_atr_mult=1.5_min_rr=0.6,4,20,0.65,1.2577617366716354,1.9489700000000005,11,0.5454545454545454,0.8834599655837492,-0.6278,"{""bb_std"": 1.6, ""stop_atr_mult"": 1.5, ""min_rr"": 0.6}"
grid_bb_std=1.6_stop_atr_mult=1.5_min_rr=0.6,5,21,0.6190476190476191,1.1018937071639687,0.8908199999999995,11,0.2727272727272727,0.34317100455634447,-5.4722,"{""bb_std"": 1.6, ""stop_atr_mult"": 1.5, ""min_rr"": 0.6}"
grid_bb_std=1.6_stop_atr_mult=1.5_min_rr=0.6,6,24,0.4166666666666667,0.5523552942540574,-6.563209999999999,4,0.75,2.44420547526191,1.51087,"{""bb_std"": 1.6, ""stop_atr_mult"": 1.5, ""min_rr"": 0.6}"
grid_bb_std=1.6_stop_atr_mult=1.5_min_rr=0.6,7,20,0.45,0.6602756475348304,-3.9009800000000006,10,0.6,1.3403673050631806,1.4365100000000002,"{""bb_std"": 1.6, ""stop_atr_mult"": 1.5, ""min_rr"": 0.6}"
grid_bb_std=1.6_stop_atr_mult=1.5_min_rr=0.6,8,16,0.625,1.4230208672690796,2.713810000000001,11,0.5454545454545454,0.8580337145964481,-0.7701599999999996,"{""bb_std"": 1.6, ""stop_atr_mult"": 1.5, ""min_rr"": 0.6}"
grid_bb_std=1.6_stop_atr_mult=1.75_min_rr=0.4,0,32,0.78125,2.809782908356349,14.44214,9,0.5555555555555556,1.0596505241664855,0.2524100000000001,"{""bb_std"": 1.6, ""stop_atr_mult"": 1.75, ""min_rr"": 0.4}"
grid_bb_std=1.6_stop_atr_mult=1.75_min_rr=0.4,1,28,0.7142857142857143,1.8348155393824093,7.44208,10,0.6,0.7047819203076111,-1.253,"{""bb_std"": 1.6, ""stop_atr_mult"": 1.75, ""min_rr"": 0.4}"
grid_bb_std=1.6_stop_atr_mult=1.75_min_rr=0.4,2,22,0.5909090909090909,0.8994643705226605,-0.95894,12,0.5833333333333334,1.0152261811869663,0.07298000000000013,"{""bb_std"": 1.6, ""stop_atr_mult"": 1.75, ""min_rr"": 0.4}"
grid_bb_std=1.6_stop_atr_mult=1.75_min_rr=0.4,3,24,0.625,1.0632997561605573,0.5783800000000001,9,0.6666666666666666,0.9872067898351735,-0.041089999999999974,"{""bb_std"": 1.6, ""stop_atr_mult"": 1.75, ""min_rr"": 0.4}"
grid_bb_std=1.6_stop_atr_mult=1.75_min_rr=0.4,4,23,0.6521739130434783,1.0516935155370497,0.4403599999999999,15,0.6666666666666666,1.0772532427974981,0.41595000000000004,"{""bb_std"": 1.6, ""stop_atr_mult"": 1.75, ""min_rr"": 0.4}"
grid_bb_std=1.6_stop_atr_mult=1.75_min_rr=0.4,5,28,0.6785714285714286,1.110848804292368,1.0776099999999997,13,0.5384615384615384,0.786503761848671,-1.3430600000000001,"{""bb_std"": 1.6, ""stop_atr_mult"": 1.75, ""min_rr"": 0.4}"
grid_bb_std=1.6_stop_atr_mult=1.75_min_rr=0.4,6,31,0.6129032258064516,0.9110985308585654,-1.1322499999999998,7,0.8571428571428571,3.2193524183308324,2.30715,"{""bb_std"": 1.6, ""stop_atr_mult"": 1.75, ""min_rr"": 0.4}"
grid_bb_std=1.6_stop_atr_mult=1.75_min_rr=0.4,7,25,0.64,1.082005942244438,0.7733800000000003,11,0.6363636363636364,1.253165494792289,1.05929,"{""bb_std"": 1.6, ""stop_atr_mult"": 1.75, ""min_rr"": 0.4}"
grid_bb_std=1.6_stop_atr_mult=1.75_min_rr=0.4,8,21,0.7142857142857143,1.5368310064557789,3.4417900000000006,12,0.5,0.5832320453267755,-2.6539699999999997,"{""bb_std"": 1.6, ""stop_atr_mult"": 1.75, ""min_rr"": 0.4}"
grid_bb_std=1.6_stop_atr_mult=1.75_min_rr=0.6,0,24,0.75,2.8090852893852634,12.23289,9,0.5555555555555556,1.0596505241664855,0.2524100000000001,"{""bb_std"": 1.6, ""stop_atr_mult"": 1.75, ""min_rr"": 0.6}"
grid_bb_std=1.6_stop_atr_mult=1.75_min_rr=0.6,1,21,0.6666666666666666,1.7537600482653355,5.82202,6,0.3333333333333333,0.2710010486026127,-3.07978,"{""bb_std"": 1.6, ""stop_atr_mult"": 1.75, ""min_rr"": 0.6}"
grid_bb_std=1.6_stop_atr_mult=1.75_min_rr=0.6,2,17,0.47058823529411764,0.6564831728617979,-3.26274,8,0.625,1.2434484118167966,0.7780099999999998,"{""bb_std"": 1.6, ""stop_atr_mult"": 1.75, ""min_rr"": 0.6}"
grid_bb_std=1.6_stop_atr_mult=1.75_min_rr=0.6,3,15,0.5333333333333333,0.8558499399290476,-1.0690500000000003,5,0.8,2.5267018996230326,1.6523800000000004,"{""bb_std"": 1.6, ""stop_atr_mult"": 1.75, ""min_rr"": 0.6}"
grid_bb_std=1.6_stop_atr_mult=1.75_min_rr=0.6,4,14,0.6428571428571429,1.2550791897424682,1.3531899999999997,8,0.5,0.7220327990581843,-1.1829200000000006,"{""bb_std"": 1.6, ""stop_atr_mult"": 1.75, ""min_rr"": 0.6}"
grid_bb_std=1.6_stop_atr_mult=1.75_min_rr=0.6,5,15,0.6,1.0371098010157278,0.23988999999999966,10,0.4,0.5711935786277926,-2.68501,"{""bb_std"": 1.6, ""stop_atr_mult"": 1.75, ""min_rr"": 0.6}"
grid_bb_std=1.6_stop_atr_mult=1.75_min_rr=0.6,6,20,0.45,0.6384793900263802,-4.14688,3,0.6666666666666666,1.6034187540882683,0.6272900000000002,"{""bb_std"": 1.6, ""stop_atr_mult"": 1.75, ""min_rr"": 0.6}"
grid_bb_std=1.6_stop_atr_mult=1.75_min_rr=0.6,7,17,0.47058823529411764,0.7088780999026854,-2.7223100000000007,9,0.5555555555555556,1.045567776798375,0.19024000000000013,"{""bb_std"": 1.6, ""stop_atr_mult"": 1.75, ""min_rr"": 0.6}"
grid_bb_std=1.6_stop_atr_mult=1.75_min_rr=0.6,8,14,0.5714285714285714,1.0730299839518938,0.4605300000000002,9,0.6666666666666666,1.3385143481418487,1.0906999999999998,"{""bb_std"": 1.6, ""stop_atr_mult"": 1.75, ""min_rr"": 0.6}"
